date,total_purchase_amt,total_redeem_amt,Interest_O_N,Interest_1_W,Interest_2_W,Interest_1_M,Interest_3_M,Interest_6_M,Interest_9_M,Interest_1_Y,mfd_daily_yield,mfd_7daily_yield
2013-07-01,0.1653435768166665,0.03607178199886966,4.456,5.423,6.04,6.88,5.295,4.239,4.282,4.4125,1.5787,6.307
2013-07-02,0.1477805496303014,0.016678141473762183,3.786,4.75,5.074,5.8,5.211,4.2344,4.2808,4.407,1.5461,6.174
2013-07-03,0.13878965635139848,0.03887162666035793,3.4,4.242,4.658,5.2,5.148,4.23,4.2796,4.4022,1.467,6.034
2013-07-04,0.0932423605970934,0.0418543888045752,3.348,3.938,4.464,5.102,5.029,4.2287,4.2776,4.4,1.4223,5.903
2013-07-05,0.05928420321955327,0.01804291599181147,3.38,3.816,4.295,4.7885,4.939,4.2273,4.2749,4.4,1.3845,5.739
2013-07-06,0.18703895824565178,0.010554691961722984,3.38,3.816,4.295,4.7885,4.939,4.2273,4.2749,4.4,1.3674,5.582
2013-07-07,0.04561166037561487,0.026002493506680723,3.38,3.816,4.295,4.7885,4.939,4.2273,4.2749,4.4,1.3671,5.425
2013-07-08,0.2914055987937621,0.054500680843197036,3.256,3.656,3.686,4.3,4.794,4.2238,4.2741,4.4,1.3129,5.279
2013-07-09,0.13638836791082184,0.022674919143708793,3.249,3.596,3.604,4.298,4.723,4.2215,4.272,4.4,1.3096,5.15
2013-07-10,0.15622432072613432,0.01695640560023513,3.251,3.59,3.85,4.269,4.704,4.22,4.2707,4.4,1.2792,5.047
2013-07-11,0.22431275117094931,0.0229082651033125,3.3547,3.81,3.906,4.351,4.6955,4.2199,4.2705,4.4,1.2616,4.959
2013-07-12,0.17397280270814489,0.05544633883186102,3.3,3.8,3.928,4.128,4.691,4.2189,4.2704,4.4,1.2487,4.884
2013-07-13,0.07717808705424198,0.022738705552184445,3.3,3.8,3.928,4.128,4.691,4.2189,4.2704,4.4,1.2396,4.815
2013-07-14,0.11509649825262547,0.018176887036020307,3.3,3.8,3.928,4.128,4.691,4.2189,4.2704,4.4,1.2394,4.745
2013-07-15,0.24494158430947793,0.08557918182943154,3.2998,3.809,3.94,4.2705,4.6785,4.2185,4.2701,4.4,1.1985,4.682
2013-07-16,0.2576358327491092,0.07746412739220414,3.013,3.706,4.0,4.424,4.6703,4.2176,4.27,4.4,1.2214,4.634
2013-07-17,0.14767007068672644,0.07123912234445985,2.968,3.596,3.992,4.53,4.662,4.2166,4.27,4.4,1.1829,4.582
2013-07-18,0.12333713425753098,0.0768136953610489,2.998,3.634,3.996,4.61,4.6578,4.2173,4.27,4.4,1.1896,4.543
2013-07-19,0.17140890542630402,0.06035727857697367,3.04,3.745,4.057,4.669,4.6525,4.2173,4.27,4.4,1.2032,4.518
2013-07-20,0.10402099942719202,0.03003995771267972,3.04,3.745,4.057,4.669,4.6525,4.2173,4.27,4.4,1.1964,4.494
2013-07-21,0.10760039403749397,0.01750588274559109,3.04,3.745,4.057,4.669,4.6525,4.2173,4.27,4.4,1.1962,4.471
2013-07-22,0.20585734746886342,0.12498915402547797,3.1035,3.925,4.099,4.806,4.6515,4.2173,4.27,4.4,1.1547,4.447
2013-07-23,0.2958734155186812,0.1593292492882919,3.1355,3.959,4.11,4.99,4.6517,4.2173,4.27,4.4,1.1826,4.426
2013-07-24,0.24643765588171537,0.23672521597379328,3.23,4.011,4.131,5.293,4.661,4.2189,4.27,4.4,1.1805,4.424
2013-07-25,0.29229700324949476,0.24948409069693447,3.3495,4.132,4.258,5.468,4.6601,4.2185,4.27,4.4,1.1645,4.411
2013-07-26,0.2276036068229878,0.2558792690033193,3.55,4.351,4.62,5.722,4.667,4.2189,4.27,4.4,1.1777,4.397
2013-07-27,0.08750805149399742,0.09831655067442342,3.55,4.351,4.62,5.722,4.667,4.2189,4.27,4.4,1.1728,4.384
2013-07-28,0.18451521569316445,0.0501621735159276,3.55,4.351,4.62,5.722,4.667,4.2189,4.27,4.4,1.1726,4.371
2013-07-29,0.27234004168895554,0.12143158950781088,3.703,5.057,5.5,5.988,4.671,4.2201,4.27,4.4,1.1515,4.369
2013-07-30,0.24164720684847713,0.08519162553531454,3.641,4.972,5.34,5.889,4.667,4.2203,4.27,4.4,1.1958,4.377
2013-07-31,0.27772230730744163,0.062245872043315525,3.699,4.971,5.453,5.34,4.6645,4.2199,4.27,4.4,1.2088,4.392
2013-08-01,0.2716167781645768,0.12316240138422122,3.549,4.545,5.36,4.846,4.6635,4.2193,4.27,4.4,1.2026,4.413
2013-08-02,0.19372257807958618,0.2621364741090576,3.2539,4.314,4.55,4.642,4.6595,4.2198,4.27,4.4,1.222,4.437
2013-08-03,0.10990786596591558,0.13515796106673492,3.2539,4.314,4.55,4.642,4.6595,4.2198,4.27,4.4,1.2154,4.46
2013-08-04,0.23281220450934964,0.05395380216156404,3.2539,4.314,4.55,4.642,4.6595,4.2198,4.27,4.4,1.2152,4.483
2013-08-05,0.2220582132526679,0.10313881621278927,3.1,4.356,4.31,4.575,4.655,4.2198,4.27,4.4,1.1875,4.503
2013-08-06,0.2588742524419737,0.10708142996409693,3.1,4.066,4.549,4.6005,4.6538,4.2193,4.27,4.4,1.204,4.507
2013-08-07,0.22346224448518942,0.19396229848505778,3.1005,3.873,4.361,4.58,4.6515,4.2197,4.27,4.4,1.2118,4.509
2013-08-08,0.22644157781296181,0.19293717843113717,3.1641,3.7585,4.42,4.595,4.6504,4.2198,4.27,4.4,1.2155,4.516
2013-08-09,0.1701114445401276,0.19671947088802028,2.914,3.64,4.3,4.535,4.6501,4.2198,4.27,4.4,1.2174,4.513
2013-08-10,0.10491787999050191,0.17376023541715718,2.914,3.64,4.3,4.535,4.6501,4.2198,4.27,4.4,1.2128,4.512
2013-08-11,0.2825566822556419,0.1003652042830569,2.914,3.64,4.3,4.535,4.6501,4.2198,4.27,4.4,1.2126,4.511
2013-08-12,0.48104501599117566,0.1866367395897872,2.9645,3.648,4.168,4.5,4.65,4.22,4.27,4.4,1.1886,4.511
2013-08-13,0.24795631385304928,0.18796638914595326,3.2253,3.702,4.16,4.524,4.65,4.2198,4.27,4.4,1.2143,4.517
2013-08-14,0.15543375095388476,0.09813890193597691,3.435,3.855,4.16,4.505,4.65,4.2198,4.27,4.4,1.2201,4.521
2013-08-15,0.2158951442656876,0.34380238915812295,3.283,3.994,4.119,4.517,4.6502,4.2198,4.27,4.4,1.2184,4.523
2013-08-16,0.21214082466139195,0.2202808056590309,3.209,3.772,3.823,4.56,4.6503,4.2198,4.27,4.4,1.219,4.524
2013-08-17,0.08993091355912787,0.03052204455012517,3.209,3.772,3.823,4.56,4.6503,4.2198,4.27,4.4,1.215,4.525
2013-08-18,0.3038480989644197,0.09935728762589507,3.209,3.772,3.823,4.56,4.6503,4.2198,4.27,4.4,1.2148,4.526
2013-08-19,0.5556733031780646,0.18502145488819535,3.403,4.092,5.156,4.925,4.6573,4.2198,4.27,4.4,1.1987,4.532
2013-08-20,0.2731718044116978,0.19672084193671832,3.854,4.428,5.467,5.218,4.6636,4.2198,4.2701,4.4,1.2288,4.54
2013-08-21,0.19433283835801235,0.19575534291475263,3.517,4.219,5.4,5.04,4.658,4.2198,4.27,4.4,1.2307,4.545
2013-08-22,0.45361478090192825,0.1632244704562705,3.357,4.115,5.046,4.968,4.662,4.2198,4.27,4.4,1.2187,4.546
2013-08-23,0.19277616317143498,0.1676617781642423,3.265,4.149,5.171,5.016,4.662,4.2198,4.27,4.4,1.2236,4.548
2013-08-24,0.2257991937510528,0.09347025261102188,3.265,4.149,5.171,5.016,4.662,4.2198,4.27,4.4,1.2204,4.551
2013-08-25,0.2203995277498469,0.11828760509431033,3.265,4.149,5.171,5.016,4.662,4.2198,4.27,4.4,1.2202,4.554
2013-08-26,0.37913668461718786,0.13474135159782602,3.037,4.023,5.196,5.007,4.6619,4.2198,4.2701,4.4,1.185,4.546
2013-08-27,0.23038344901245855,0.39262677822894276,3.006,4.209,5.382,4.974,4.6609,4.2198,4.2701,4.4,1.2131,4.538
2013-08-28,0.23717408196351802,0.22000017810575467,3.098,4.259,5.015,4.929,4.6586,4.2198,4.2701,4.4,1.213,4.528
2013-08-29,0.24183766444500404,0.23467762656010163,2.957,4.318,4.4,4.903,4.658,4.2198,4.2701,4.4,1.3194,4.583
2013-08-30,0.2874897645518538,0.13469412223458008,3.034,3.7355,4.311,4.805,4.6572,4.2198,4.2701,4.4,1.4113,4.686
2013-08-31,0.2425330537675236,0.14371212322912574,3.034,3.7355,4.311,4.805,4.6572,4.2198,4.2701,4.4,1.2201,4.685
2013-09-01,0.2862223102923274,0.3874188562782272,3.034,3.7355,4.311,4.805,4.6572,4.2198,4.2701,4.4,1.2199,4.685
2013-09-02,0.7168038498624135,0.1161181882105925,3.0188,3.742,4.15,4.6,4.6561,4.2198,4.2701,4.4,1.4475,4.829
2013-09-03,0.40973030826704293,0.25676571727463776,3.0006,3.75,3.763,4.523,4.6558,4.2198,4.2701,4.4,1.2339,4.84
2013-09-04,0.16981383132553496,0.179232626132922,3.005,3.498,3.747,4.581,4.6566,4.2198,4.2701,4.4,1.2349,4.852
2013-09-05,0.19704065650061223,0.14233381450178578,2.89,3.456,3.705,4.574,4.6566,4.22,4.2703,4.4,1.2374,4.807
2013-09-06,0.19809252210486042,0.2181789161880934,2.95,3.469,3.716,4.484,4.6573,4.2198,4.27,4.4,1.5058,4.859
2013-09-07,0.17342457614278464,0.1328247430364208,2.95,3.469,3.716,4.484,4.6573,4.2198,4.27,4.4,1.2415,4.87
2013-09-08,0.1974498581303894,0.09740401330502219,2.95,3.469,3.716,4.484,4.6573,4.2198,4.27,4.4,1.2381,4.88
2013-09-09,0.2509669210479798,0.2978517508024193,2.92,3.554,3.714,4.598,4.6564,4.2198,4.27,4.4,1.44,4.876
2013-09-10,0.48187783729233435,0.24240377976972727,2.8955,3.625,3.746,4.862,4.6549,4.2198,4.27,4.4,1.4214,4.979
2013-09-11,0.5035599457765599,0.46794598480750077,3.014,3.482,3.767,5.138,4.6559,4.2198,4.27,4.4,1.2527,4.989
2013-09-12,0.3489933741184936,0.294757320006148,2.967,3.494,3.8,5.374,4.6563,4.2198,4.27,4.4,1.2598,5.001
2013-09-13,0.3646799896326494,0.3950753536851889,2.979,3.57,3.852,5.4834,4.6571,4.22,4.27,4.4,1.3805,4.932
2013-09-14,0.1576439201864242,0.23707821531191625,2.979,3.57,3.852,5.4834,4.6571,4.22,4.27,4.4,1.2613,4.943
2013-09-15,0.1886085603032758,0.1633553272612938,2.979,3.57,3.852,5.4834,4.6571,4.22,4.27,4.4,1.2611,4.956
2013-09-16,0.8227200710859836,0.29500129485756327,3.008,3.469,3.592,5.67,4.6569,4.22,4.27,4.4,1.4143,4.942
2013-09-17,0.387830636471647,0.38037329164231043,3.493,3.583,3.64,5.836,4.6579,4.22,4.27,4.4,1.2495,4.848
2013-09-18,0.21846721499433983,0.30818054616913126,3.557,3.749,3.9325,5.913,4.6584,4.22,4.27,4.4,1.3366,4.894
2013-09-19,0.12610339814308347,0.07454921910093339,3.557,3.749,3.9325,5.913,4.6584,4.22,4.27,4.4,1.2594,4.893
2013-09-20,0.14436242028096594,0.09916112320122165,3.557,3.749,3.9325,5.913,4.6584,4.22,4.27,4.4,1.2592,4.827
2013-09-21,0.1649262119187166,0.17364122186136366,3.557,3.749,3.9325,5.913,4.6584,4.22,4.27,4.4,1.2569,4.825
2013-09-22,0.3436011639700764,0.31313482411070875,3.573,3.991,4.007,5.948,4.6617,4.22,4.27,4.4,1.2567,4.822
2013-09-23,0.27817282912069424,0.3805370405584801,3.815,4.232,4.35,6.004,4.6717,4.22,4.27,4.4,1.2346,4.724
2013-09-24,0.37788633047054204,0.37005774321754287,3.6144,4.44,4.8033,6.1089,4.6731,4.22,4.27,4.4,1.3281,4.767
2013-09-25,0.24059333605242092,0.48860364082895796,3.347,3.916,5.1825,5.856,4.6715,4.22,4.27,4.4,1.3895,4.796
2013-09-26,0.349731371222274,0.31643496444211316,3.112,4.055,5.571,5.435,4.6732,4.22,4.27,4.4,1.4449,4.897
2013-09-27,0.2145968538204637,0.18045353194092326,3.1477,3.646,5.6528,5.33,4.6722,4.22,4.27,4.4,1.3799,4.963
2013-09-28,0.2035513870682768,0.3793608178804284,3.1477,3.646,5.6528,5.33,4.6722,4.22,4.27,4.4,1.3138,4.994
2013-09-29,0.17524484753368863,0.26307944875955547,3.15,3.749,5.778,5.3,4.6732,4.22,4.27,4.4,1.3136,5.026
2013-09-30,0.14452674422283757,0.19704811778974468,3.126,4.203,4.774,5.3,4.6704,4.22,4.27,4.4,1.3162,5.07
2013-10-01,0.09739684320007216,0.08365530018112337,3.126,4.203,4.774,5.3,4.6704,4.22,4.27,4.4,1.3181,5.065
2013-10-02,0.058846313096827335,0.04722854061672356,3.126,4.203,4.774,5.3,4.6704,4.22,4.27,4.4,1.3179,5.026
2013-10-03,0.05140820167522986,0.040630460160634936,3.126,4.203,4.774,5.3,4.6704,4.22,4.27,4.4,1.3177,4.956
2013-10-04,0.10131658603921033,0.15285462850306045,3.126,4.203,4.774,5.3,4.6704,4.22,4.27,4.4,1.3175,4.922
2013-10-05,0.1341783055539879,0.09118422477113378,3.126,4.203,4.774,5.3,4.6704,4.22,4.27,4.4,1.3173,4.924
2013-10-06,0.19711266019020587,0.08790725516272631,3.126,4.203,4.774,5.3,4.6704,4.22,4.27,4.4,1.3111,4.922
2013-10-07,0.2178113289683022,0.18864585476549042,3.126,4.203,4.774,5.3,4.6704,4.22,4.27,4.4,1.3109,4.919
2013-10-08,0.558842437580173,0.5083071383598233,3.052,4.393,4.78,5.178,4.6685,4.22,4.27,4.4,1.4756,5.006
2013-10-09,0.36858020475359626,0.2219752390433198,3.232,4.502,4.816,5.213,4.6682,4.22,4.27,4.4,1.2935,4.992
2013-10-10,0.3669125060662778,0.3410942676545338,3.328,4.48,4.939,5.1,4.6681,4.22,4.27,4.4,1.3088,4.987
2013-10-11,0.42075823722488864,0.18062896088623961,3.1,4.26,4.847,5.0,4.6679,4.22,4.27,4.4,1.3122,4.985
2013-10-12,0.4168210329311989,0.20450159552854275,3.027,4.246,4.798,4.805,4.6673,4.22,4.27,4.4,1.3082,4.98
2013-10-13,0.3621049721881169,0.20794548705153534,3.027,4.246,4.798,4.805,4.6673,4.22,4.27,4.4,1.308,4.978
2013-10-14,0.663216172639401,0.26541299323003575,3.113,3.855,4.65,4.85,4.6661,4.22,4.27,4.4,1.2777,4.96
2013-10-15,0.43617656927163356,0.22915576057274736,3.117,3.845,3.883,4.713,4.6655,4.22,4.27,4.4,1.3456,4.889
2013-10-16,0.5137570688036935,0.33467939847732375,3.055,3.314,3.357,4.857,4.6654,4.22,4.27,4.4,1.313,4.899
2013-10-17,0.4438050161460945,0.15195635656892217,3.038,3.35,3.391,4.73,4.6681,4.22,4.27,4.4,1.2908,4.889
2013-10-18,0.4995240697600937,0.10405838510337048,3.001,3.485,3.573,4.613,4.6695,4.22,4.27,4.4,1.2917,4.878
2013-10-19,0.27048939724041127,0.17421913847399903,3.001,3.485,3.573,4.613,4.6695,4.22,4.27,4.4,1.2859,4.866
2013-10-20,0.2430998919735994,0.3322138611900418,3.001,3.485,3.573,4.613,4.6695,4.22,4.27,4.4,1.2857,4.854
2013-10-21,0.5396220023101337,0.2988977760845834,3.06,3.548,3.67,4.683,4.6775,4.22,4.27,4.4,1.34,4.888
2013-10-22,0.7410633983071632,0.6278915792447932,3.052,3.558,3.6,4.707,4.6813,4.22,4.27,4.4,1.2698,4.846
2013-10-23,0.5399417235278077,0.48175035597973687,3.78,3.992,3.871,4.814,4.6843,4.22,4.27,4.4,1.273,4.825
2013-10-24,0.35386459573849616,0.37987137682916994,4.088,4.68,4.882,5.4,4.6876,4.2201,4.27,4.4,1.2811,4.819
2013-10-25,0.35592894070485476,0.34097198969707826,4.367,4.891,5.862,6.422,4.691,4.2201,4.27,4.4,1.2758,4.811
2013-10-26,0.2837423053499876,0.32224352324103167,4.367,4.891,5.862,6.422,4.691,4.2201,4.27,4.4,1.2731,4.804
2013-10-27,0.34611210179518054,0.30372365205118745,4.367,4.891,5.862,6.422,4.691,4.2201,4.27,4.4,1.2729,4.797
2013-10-28,0.6615777935206257,0.3596682756815408,4.434,4.894,6.396,6.477,4.6975,4.2201,4.27,4.4,1.2428,4.743
2013-10-29,0.5193657684169068,0.2810810961855558,4.446,4.947,6.452,6.162,4.6966,4.22,4.27,4.4,1.289,4.754
2013-10-30,0.5581113466826959,0.41724733952243864,5.23,5.593,6.349,5.924,4.6965,4.2195,4.27,4.4,1.2902,4.763
2013-10-31,0.462755015166655,0.3630526049318084,4.59,4.993,5.51,5.334,4.6948,4.22,4.27,4.4,1.2965,4.772
2013-11-01,0.7680034505177774,0.43699316981405695,4.2883,4.61,5.03,5.162,4.6925,4.22,4.27,4.4,1.2919,4.781
2013-11-02,0.3162111141460984,0.1743549963423685,4.2883,4.61,5.03,5.162,4.6925,4.22,4.27,4.4,1.2911,4.79
2013-11-03,0.3496762895193851,0.20171230141322607,4.2883,4.61,5.03,5.162,4.6925,4.22,4.27,4.4,1.291,4.8
2013-11-04,1.526935255527165,0.8550777043155376,4.0971,4.423,4.5,4.605,4.6921,4.22,4.27,4.4,1.2888,4.825
2013-11-05,0.9206823631079599,0.5398658589457526,3.9147,4.232,4.557,4.6155,4.693,4.22,4.27,4.4,1.2938,4.828
2013-11-06,0.923583763689143,0.8598944530150947,3.66,3.866,4.55,4.869,4.6926,4.22,4.27,4.4,1.2917,4.829
2013-11-07,0.8548197006593686,0.5438914407297019,3.73,3.891,4.552,4.974,4.6933,4.2204,4.27,4.4,1.2935,4.827
2013-11-08,1.1794470577731537,0.6062405657975868,3.761,3.939,4.5805,5.077,4.6944,4.2201,4.27,4.4,1.292,4.827
2013-11-09,0.6436310876408217,0.2995791742299045,3.761,3.939,4.5805,5.077,4.6944,4.2201,4.27,4.4,1.2891,4.826
2013-11-10,0.8387883804590476,0.5568654264647628,3.761,3.939,4.5805,5.077,4.6944,4.2201,4.27,4.4,1.2889,4.825
2013-11-11,0.7531502415765009,1.4828541350561053,3.6,3.78,4.458,5.269,4.6962,4.22,4.27,4.4,1.4962,4.938
2013-11-12,0.7556094413815027,0.8569937318134471,3.329,3.545,4.305,4.865,4.6978,4.22,4.27,4.4,1.4577,5.028
2013-11-13,0.8883660099610906,0.5165683204730489,3.336,3.635,4.359,5.251,4.699,4.22,4.27,4.4,1.4097,5.093
2013-11-14,0.854985581932949,0.3431157092109128,4.188,4.193,4.485,5.325,4.6997,4.2202,4.27,4.4,1.3294,5.112
2013-11-15,0.6324532934972632,0.3800432998071013,4.454,5.311,5.902,5.949,4.706,4.2207,4.27,4.4,1.4738,5.212
2013-11-16,0.6009758586560855,0.18931095701771472,4.454,5.311,5.902,5.949,4.706,4.2207,4.27,4.4,1.3102,5.224
2013-11-17,0.56891781391078,0.27654806316324726,4.454,5.311,5.902,5.949,4.706,4.2207,4.27,4.4,1.31,5.235
2013-11-18,0.99631811158812,0.8939027414353754,4.513,5.357,6.198,6.405,4.7095,4.2206,4.27,4.4,1.321,5.139
2013-11-19,0.6685605635435843,0.4590286383738015,4.075,4.83,5.532,6.121,4.71,4.2206,4.27,4.4,1.3377,5.073
2013-11-20,0.8456565746363869,0.5676874011057678,4.057,4.751,5.43,6.179,4.7092,4.2207,4.27,4.4,1.3352,5.033
2013-11-21,1.125589168230712,0.48792333952259537,3.889,4.708,5.599,6.283,4.711,4.2207,4.27,4.4,1.3442,5.041
2013-11-22,0.6541235285995393,0.5400490375806145,3.899,4.763,5.916,6.378,4.7118,4.2207,4.27,4.4,1.3502,4.973
2013-11-23,0.4535042459758409,0.31914181935785746,3.899,4.763,5.916,6.378,4.7118,4.2207,4.27,4.4,1.3469,4.993
2013-11-24,0.521120804912899,0.5585779511630625,3.899,4.763,5.916,6.378,4.7118,4.2207,4.27,4.4,1.3467,5.013
2013-11-25,0.7488607749574709,0.45775481661485906,3.847,4.74,6.165,6.378,4.7132,4.2207,4.27,4.4,1.361,5.035
2013-11-26,1.3132362594193185,0.42961473414066514,3.746,4.6775,5.95,6.582,4.7156,4.2207,4.27,4.4,1.3774,5.057
2013-11-27,0.6859085720784339,0.5623225528383561,3.764,4.663,5.968,6.704,4.7211,4.2207,4.27,4.4,1.3755,5.079
2013-11-28,0.7112854296844351,0.4012184091936101,3.746,4.823,6.295,6.555,4.7181,4.2207,4.27,4.4,1.3862,5.102
2013-11-29,0.6236265816592912,0.8094551774996859,3.726,4.666,6.066,6.365,4.7229,4.2207,4.27,4.4,1.3879,5.123
2013-11-30,0.5947658050732381,0.7812386362097643,3.726,4.666,6.066,6.365,4.7229,4.2207,4.27,4.4,1.3878,5.145
2013-12-01,0.7017661989000342,0.6178352373695958,3.726,4.666,6.066,6.365,4.7229,4.2207,4.27,4.4,1.3876,5.168
2013-12-02,1.7574094318349576,0.8387232804969903,3.748,4.571,5.93,6.263,4.7197,4.2207,4.27,4.4,1.3882,5.182
2013-12-03,1.3673314181172977,0.6637314973224137,3.725,4.6,5.913,6.28,4.7365,4.2216,4.2701,4.4,1.399,5.194
2013-12-04,1.116883551656395,0.45689433339436025,3.7235,4.577,5.75,6.235,4.7778,4.232,4.2706,4.4,1.3982,5.207
2013-12-05,0.9711708179082215,0.7720755129749324,3.703,4.558,5.509,6.08,4.885,4.2432,4.2707,4.4,1.4025,5.216
2013-12-06,0.7745799401802426,0.5394461025936416,3.7,4.55,5.058,5.596,5.167,4.2513,4.2739,4.405,1.3848,5.214
2013-12-07,0.7068179234079939,0.46952572670379666,3.7,4.55,5.058,5.596,5.167,4.2513,4.2739,4.405,1.3815,5.211
2013-12-08,0.6355893269665813,0.4982410032796399,3.7,4.55,5.058,5.596,5.167,4.2513,4.2739,4.405,1.3809,5.207
2013-12-09,0.8888639286050745,0.8706505193865437,3.62,4.485,4.882,5.45,5.2581,4.3302,4.3553,4.4689,1.4227,5.226
2013-12-10,0.9133883404946588,0.9606960490411323,3.558,4.444,4.72,5.296,5.338,4.3995,4.4319,4.5237,1.4271,5.241
2013-12-11,1.2210141037710478,0.7202222749372311,3.51,4.329,4.55,5.238,5.332,4.4612,4.4969,4.5771,1.42,5.253
2013-12-12,0.7143368939347838,0.601239293529683,3.46,4.305,4.51,5.4155,5.3222,4.5197,4.5547,4.6247,1.4663,5.288
2013-12-13,0.8380719009973087,0.5926731053115694,3.4321,4.3,4.41,5.423,5.335,4.5736,4.6072,4.6657,1.4527,5.325
2013-12-14,0.6567542435545972,0.3410297630776925,3.4321,4.3,4.41,5.423,5.335,4.5736,4.6072,4.6657,1.4493,5.363
2013-12-15,1.0478012076863115,0.35749863681850996,3.4321,4.3,4.41,5.423,5.335,4.5736,4.6072,4.6657,1.4491,5.4
2013-12-16,1.0,1.0195204690584798,3.447,4.358,4.389,5.557,5.331,4.6207,4.6553,4.7045,1.4771,5.43
2013-12-17,0.9872302158831742,0.7608526567522261,3.47,4.459,4.552,6.235,5.3537,4.6608,4.6957,4.7335,1.4532,5.444
2013-12-18,0.9171757712103833,1.3202603012993115,3.588,5.902,5.079,6.765,5.385,4.7054,4.7423,4.7634,1.4542,5.463
2013-12-19,1.1890245765316085,1.070876153523661,3.846,6.472,6.218,7.1012,5.4239,4.7487,4.7816,4.8013,1.5167,5.491
2013-12-20,0.6812939437593879,1.0033397244659579,3.927,7.654,7.003,7.53,5.458,4.7818,4.8135,4.8353,1.513,5.524
2013-12-21,0.5700077272661875,0.5428804033045512,3.927,7.654,7.003,7.53,5.458,4.7818,4.8135,4.8353,1.5109,5.558
2013-12-22,0.7865197784613197,0.5484080472828472,3.927,7.654,7.003,7.53,5.458,4.7818,4.8135,4.8353,1.5107,5.592
2013-12-23,1.0114888126252128,0.9040972262601057,4.515,8.843,8.246,7.656,5.516,4.8151,4.8422,4.8656,1.6189,5.67
2013-12-24,1.554310352931011,0.7743677235915684,4.145,6.197,5.761,6.605,5.5174,4.8369,4.8622,4.8856,1.611,5.757
2013-12-25,1.9343288791729485,1.1278865520662338,4.05,5.616,5.941,6.509,5.522,4.8588,4.8823,4.9034,1.7012,5.893
2013-12-26,1.1211129643075706,1.5790078237653482,4.001,5.329,6.14,6.57,5.538,4.8763,4.8982,4.9203,1.7674,6.032
2013-12-27,1.0744518353971024,1.0676065549342064,3.513,5.067,5.949,6.492,5.5465,4.8942,4.9142,4.9361,1.803,6.192
2013-12-28,0.9812615080006314,0.4007589707748957,3.513,5.067,5.949,6.492,5.5465,4.8942,4.9142,4.9361,1.7889,6.346
2013-12-29,0.8217894228890538,0.3599328554362466,3.513,5.067,5.949,6.492,5.5465,4.8942,4.9142,4.9361,1.7886,6.5
2013-12-30,1.4573712583776113,1.17405266051804,3.205,4.841,5.907,6.122,5.553,4.9068,4.9277,4.9485,1.7947,6.598
2013-12-31,1.3530053812273974,0.8763777880552749,3.148,5.25,5.962,5.913,5.5565,4.9205,4.94,4.9606,1.7869,6.696
2014-01-01,1.684190957347326,0.5051188560157693,3.148,5.25,5.962,5.913,5.5565,4.9205,4.94,4.9606,1.7807,6.74
2014-01-02,2.2136337306770186,1.241487534040038,3.131,4.981,5.759,5.91,5.5657,4.9306,4.9501,4.9677,1.8092,6.763
2014-01-03,1.7409279104485003,0.8338212525684149,3.006,4.711,5.524,6.201,5.5661,4.9389,4.9582,4.9757,1.7847,6.753
2014-01-04,0.9470506150261715,0.6520255422977468,3.006,4.711,5.524,6.201,5.5661,4.9389,4.9582,4.9757,1.7751,6.745
2014-01-05,1.0485560555263262,1.0235988166308938,3.006,4.711,5.524,6.201,5.5661,4.9389,4.9582,4.9757,1.7748,6.738
2014-01-06,2.2519934723779818,1.2464636508287343,2.92,4.633,5.433,6.475,5.5732,4.9476,4.966,4.9824,1.774,6.726
2014-01-07,3.001306443534758,0.9007972295623744,2.875,4.259,5.074,5.925,5.576,4.9547,4.9713,4.9869,1.8086,6.738
2014-01-08,1.3437083450347387,1.3963809380723027,2.83,4.126,4.927,5.65,5.5821,4.9585,4.9742,4.9904,1.822,6.761
2014-01-09,1.4285642300927879,0.9165867747885246,2.794,4.02,4.799,6.314,5.5837,4.964,4.9776,4.9929,1.7647,6.737
2014-01-10,1.210228100695908,0.7655619478778732,2.766,4.041,4.75,5.675,5.5841,4.9673,4.9818,4.9934,1.7878,6.738
2014-01-11,1.238757817060865,0.46700649000917466,2.766,4.041,4.75,5.675,5.5841,4.9673,4.9818,4.9934,1.7439,6.721
2014-01-12,1.1616643297615081,0.9238636157533914,2.766,4.041,4.75,5.675,5.5841,4.9673,4.9818,4.9934,1.7434,6.703
2014-01-13,2.275979474999154,1.168158117379344,2.738,4.013,4.636,6.465,5.5849,4.9715,4.984,4.9955,1.7584,6.695
2014-01-14,1.8164143383001137,1.0431616772093566,2.7395,4.0036,4.69,6.4842,5.5865,4.9742,4.9855,4.9977,1.7634,6.67
2014-01-15,1.9920039465024801,1.1596346014197563,2.7513,3.965,4.641,6.742,5.5846,4.9757,4.9896,4.9997,1.7295,6.618
2014-01-16,1.90822542962774,1.0,2.7723,4.256,4.679,6.693,5.5812,4.9788,4.9913,4.9999,1.723,6.595
2014-01-17,1.7579875530619429,0.8316729824786636,2.817,4.776,4.735,6.964,5.5868,4.9821,4.9918,5.0002,1.7139,6.554
2014-01-18,1.1868327644738192,0.9327690993514509,2.817,4.776,4.735,6.964,5.5868,4.9821,4.9918,5.0002,1.6772,6.517
2014-01-19,0.941941508442995,0.7679788978108179,2.817,4.776,4.735,6.964,5.5868,4.9821,4.9918,5.0002,1.6767,6.48
2014-01-20,1.7087950781559387,2.8922343057459226,3.888,6.329,5.538,7.472,5.5893,4.9854,4.993,5.0001,1.7235,6.46
2014-01-21,2.1011489438611486,1.9770857545128426,3.641,5.535,5.562,7.427,5.591,4.9873,4.9936,5.0001,1.6958,6.423
2014-01-22,2.538199303454384,1.9120004536734854,3.676,5.224,5.56,6.95,5.5924,4.9887,4.9935,5.0001,1.6853,6.398
2014-01-23,2.4502532753192323,1.364678727446918,3.7,5.293,5.94,6.708,5.5926,4.9904,4.9943,5.0001,1.7491,6.413
2014-01-24,3.12537080589641,2.257849531270441,3.7193,4.449,6.765,6.817,5.5946,4.9922,4.995,5.0001,1.7296,6.422
2014-01-25,2.243649945604592,1.2112552965406627,3.7193,4.449,6.765,6.817,5.5946,4.9922,4.995,5.0001,1.6815,6.424
2014-01-26,2.6892091483303537,2.165946948798369,4.4,4.717,6.35,6.995,5.5962,4.9929,4.9966,5.0001,1.695,6.434
2014-01-27,3.3446980242463416,1.8322816301685452,4.534,4.689,6.092,6.83,5.5989,4.9933,4.9984,5.0001,1.6915,6.416
2014-01-28,4.292457825739682,1.621325907768405,4.8477,4.9657,6.807,7.333,5.5998,4.9931,4.9994,5.0001,1.7398,6.441
2014-01-29,4.8474731155562365,1.4047677865919088,4.8,5.108,7.072,7.192,5.6,4.9938,4.9996,5.0001,1.6693,6.432
2014-01-30,1.1599383736360516,0.6874053299035005,4.435,4.983,5.733,5.441,5.6,4.9941,4.9998,5.0001,1.6193,6.36
2014-01-31,0.4444206100311573,0.31424690129610194,4.435,4.983,5.733,5.441,5.6,4.9941,4.9998,5.0001,1.609,6.293
2014-02-01,0.32717794582563114,0.4016980738450224,4.435,4.983,5.733,5.441,5.6,4.9941,4.9998,5.0001,1.6086,6.253
2014-02-02,0.2947365328353645,0.1592748578277995,4.435,4.983,5.733,5.441,5.6,4.9941,4.9998,5.0001,1.6083,6.205
2014-02-03,0.4291815238105,0.30103785905496644,4.435,4.983,5.733,5.441,5.6,4.9941,4.9998,5.0001,1.608,6.158
2014-02-04,0.42574011591464195,0.2933217210296398,4.435,4.983,5.733,5.441,5.6,4.9941,4.9998,5.0001,1.6078,6.085
2014-02-05,1.0638916148838182,0.6228981350120749,4.435,4.983,5.733,5.441,5.6,4.9941,4.9998,5.0001,1.6072,6.051
2014-02-06,1.1596537025604636,0.7288451527546073,4.435,4.983,5.733,5.441,5.6,4.9941,4.9998,5.0001,1.6069,6.044
2014-02-07,2.945790748941736,1.785511581294054,4.27,5.409,5.65,5.4,5.6,4.9939,4.9998,5.0001,1.7017,6.096
2014-02-08,1.823276471098155,1.1975929986575604,4.25,5.25,5.43,5.811,5.605,4.9936,4.9999,5.0001,1.6795,6.135
2014-02-09,1.7400954453996933,1.7167752691750529,4.25,5.25,5.43,5.811,5.605,4.9936,4.9999,5.0001,1.6792,6.174
2014-02-10,3.2951568393598754,2.8188331048926814,4.3035,5.299,5.422,5.849,5.6031,4.9936,5.0,5.0001,1.7004,6.225
2014-02-11,4.167150962051078,1.586878935995177,4.137,5.201,5.28,5.758,5.6005,4.9936,5.0,5.0001,1.677,6.263
2014-02-12,3.883200355951064,2.31502172661699,4.075,5.178,5.22,5.65,5.6012,4.9955,5.0,5.0001,1.6702,6.298
2014-02-13,3.1894702736701555,2.368375544810683,3.669,5.021,4.911,5.629,5.6037,4.9963,5.0,5.0007,1.6705,6.334
2014-02-14,2.4973820872276655,1.7187851612783518,3.278,4.436,4.563,5.493,5.6005,4.9966,5.0,5.0001,1.661,6.311
2014-02-15,1.2997774374504718,0.7930125626058376,3.278,4.436,4.563,5.493,5.6005,4.9966,5.0,5.0001,1.6566,6.298
2014-02-16,1.686216827059703,1.1951446125366108,3.278,4.436,4.563,5.493,5.6005,4.9966,5.0,5.0001,1.6563,6.286
2014-02-17,3.5936602776861886,2.6494488913066934,2.951,3.879,4.483,5.365,5.6,4.9984,5.0,5.0001,1.6526,6.259
2014-02-18,3.020832375375001,1.7701239165565137,2.68,3.743,4.639,5.2985,5.6,4.9993,5.0,5.0001,1.6433,6.241
2014-02-19,2.078314974826878,2.1152699334387197,2.403,3.762,4.678,5.2942,5.6,4.9998,5.0,5.0001,1.6337,6.22
2014-02-20,2.4374032224582542,1.507209568175416,1.981,3.703,4.149,5.22,5.596,4.9999,5.0,5.0001,1.6358,6.201
2014-02-21,1.8015258349294245,1.168097242817151,1.764,3.595,4.0,5.176,5.5775,4.9996,5.0,5.0001,1.6282,6.183
2014-02-22,1.43530360341976,0.8796590862602862,1.764,3.595,4.0,5.176,5.5775,4.9996,5.0,5.0001,1.6247,6.165
2014-02-23,1.7153739597984794,1.2745141515925194,1.764,3.595,4.0,5.176,5.5775,4.9996,5.0,5.0001,1.6238,6.147
2014-02-24,3.340207010404009,3.0911935283158707,1.7,3.339,3.97,4.968,5.5665,5.0,5.0,5.0001,1.6323,6.136
2014-02-25,2.8678614020175925,1.9531264565352167,1.72,3.278,3.811,4.519,5.5585,5.0,5.0,5.0001,1.6039,6.114
2014-02-26,3.464814413314645,1.8595316865871991,1.75,3.072,3.822,4.4435,5.5415,5.0,5.0,5.0001,1.596,6.093
2014-02-27,3.4246502330951505,3.2173031098661933,1.75,3.43,3.761,4.368,5.536,5.0,5.0,5.0001,1.5792,6.062
2014-02-28,2.1819019011208263,2.1024718663092243,1.8458,3.529,3.753,4.316,5.529,5.0,5.0,5.0001,1.572,6.031
2014-03-01,1.8467388031196368,1.3793991093119238,1.8458,3.529,3.753,4.316,5.529,5.0,5.0,5.0001,1.5698,6.001
2014-03-02,1.4056813425213122,1.6073875720807635,1.8458,3.529,3.753,4.316,5.529,5.0,5.0,5.0001,1.5695,5.971
2014-03-03,2.5716628807814077,3.3493894452466675,2.085,2.821,3.734,4.262,5.519,5.0,5.0,5.0001,1.5559,5.928
2014-03-04,2.667548089270793,1.6358764036421165,2.083,3.5135,3.8,4.365,5.515,5.0,5.0,5.0001,1.5429,5.895
2014-03-05,2.312054814656126,1.3649948847478837,2.09,3.798,3.8,4.45,5.5105,5.0,5.0,5.0001,1.5411,5.864
2014-03-06,2.8591173458145294,1.5874777708936625,2.0547,2.486,3.762,4.64,5.5067,5.0,5.0,5.0001,1.5259,5.835
2014-03-07,1.9346527176499442,1.9004512095150048,1.9948,2.403,3.052,4.586,5.504,5.0,5.0,5.0001,1.517,5.805
2014-03-08,1.2380999258430194,0.9161425876543751,1.9948,2.403,3.052,4.586,5.504,5.0,5.0,5.0001,1.5148,5.774
2014-03-09,1.245623721044515,1.3469737553727645,1.9948,2.403,3.052,4.586,5.504,5.0,5.0,5.0001,1.5145,5.744
2014-03-10,2.531112273636047,2.011136649903616,1.919,2.358,2.625,4.574,5.502,5.0,5.0,5.0,1.5048,5.716
2014-03-11,2.1909561157105806,3.2385468565620474,1.873,2.258,2.295,4.293,5.5002,5.0,5.0,5.0,1.4965,5.69
2014-03-12,1.918713570111641,2.7191895749426513,1.9,2.211,2.208,3.872,5.5,5.0,5.0,5.0,1.4997,5.668
2014-03-13,1.7623646577594858,2.0694579146351915,1.96,2.5,2.277,3.83,5.5,5.0,5.0,5.0,1.4878,5.647
2014-03-14,1.607702895473051,2.0342156301562446,1.8765,2.527,2.608,3.868,5.5,5.0,5.0,5.0,1.4831,5.628
2014-03-15,1.4627060050217027,1.5851872316506774,1.8765,2.527,2.608,3.868,5.5,5.0,5.0,5.0,1.4818,5.61
2014-03-16,1.3709984508061128,2.5500496887634583,1.8765,2.527,2.608,3.868,5.5,5.0,5.0,5.0,1.4816,5.592
2014-03-17,1.725320377867098,2.8767513008934418,1.869,2.671,2.7,3.938,5.5,5.0,5.0,5.0,1.4628,5.568
2014-03-18,2.2162922791193815,2.6783810155561407,2.05,2.88,2.88,4.022,5.5,5.0,5.0,5.0,1.4726,5.555
2014-03-19,1.8271372083692166,2.8028081963067004,2.8025,3.422,3.8,4.412,5.5,5.0,5.0,5.0,1.4786,5.544
2014-03-20,1.8576600497661124,2.1941765868677585,3.011,3.474,3.641,4.619,5.5,5.0,5.0,5.0,1.4772,5.538
2014-03-21,1.4369785594764142,1.695238294335507,2.5,3.6,3.78,4.895,5.5,5.0,5.0,5.0,1.4787,5.535
2014-03-22,0.9756231987276742,0.9012321719110171,2.5,3.6,3.78,4.895,5.5,5.0,5.0,5.0,1.4638,5.526
2014-03-23,0.8522389322840161,1.217251708597623,2.5,3.6,3.78,4.895,5.5,5.0,5.0,5.0,1.4636,5.516
2014-03-24,1.593874721244622,2.85847500629801,2.5,3.578,3.823,5.148,5.5,5.0,5.0,5.0,1.4542,5.511
2014-03-25,1.5998021089436893,2.0416254497872153,2.5,3.6295,4.064,5.125,5.5,5.0,5.0,5.0,1.446,5.496
2014-03-26,1.3890561343827843,2.9396213330633367,2.52,3.868,4.53,4.835,5.5,5.0,5.0,5.0,1.4345,5.472
2014-03-27,1.3549349864650317,2.3443081298500115,2.658,4.812,5.161,4.938,5.5,5.0,5.0,5.0,1.4273,5.445
2014-03-28,1.1500149338441163,2.64706378234756,2.75,4.168,5.46,4.769,5.5,5.0,5.0,5.0,1.4255,5.415
2014-03-29,0.8155684323590098,1.0120040536556383,2.75,4.168,5.46,4.769,5.5,5.0,5.0,5.0,1.4259,5.395
2014-03-30,1.0460278191048884,1.7282709379734567,2.75,4.168,5.46,4.769,5.5,5.0,5.0,5.0,1.4257,5.374
2014-03-31,2.030052649364511,2.7672504857527604,2.8,4.184,5.467,4.617,5.5,5.0,5.0,5.0,1.431,5.361
2014-04-01,2.3070932067251833,1.811281714690433,2.866,4.205,4.503,4.6,5.5,5.0,5.0,5.0,1.4368,5.356
2014-04-02,1.808474949283788,1.7798305626680702,2.95,4.225,4.504,4.6,5.5,5.0,5.0,5.0,1.437,5.357
2014-04-03,1.851886853174171,1.7406145938627968,2.95,4.103,4.457,4.6,5.5,5.0,5.0,5.0,1.4364,5.362
2014-04-04,1.281978637368446,1.307018353889423,2.763,2.997,4.278,4.597,5.5,5.0,5.0,5.0,1.4338,5.367
2014-04-05,1.0297552702586068,1.0654986263201942,2.763,2.997,4.278,4.597,5.5,5.0,5.0,5.0,1.4318,5.37
2014-04-06,0.6589510889491839,0.9112687119257328,2.763,2.997,4.278,4.597,5.5,5.0,5.0,5.0,1.4314,5.373
2014-04-07,1.0022713224933648,1.1553798716967405,2.763,2.997,4.278,4.597,5.5,5.0,5.0,5.0,1.4312,5.373
2014-04-08,1.8055385698109894,1.6322996183274634,2.713,3.591,4.21,4.437,5.5,5.0,5.0,5.0,1.4263,5.368
2014-04-09,1.9509781648811306,1.888980480745299,2.74,3.67,4.182,4.401,5.5,5.0,5.0,5.0,1.4239,5.36
2014-04-10,1.9673652386798386,1.8732107177932207,2.74,3.708,3.715,4.375,5.5,5.0,5.0,5.0,1.4202,5.351
2014-04-11,1.2103922108863685,1.8089840721094315,2.75,3.701,3.703,4.209,5.5,5.0,5.0,5.0,1.4106,5.339
2014-04-12,0.9040771305477225,0.8049708950517978,2.75,3.701,3.703,4.209,5.5,5.0,5.0,5.0,1.4099,5.327
2014-04-13,1.0594587923184726,1.1682296077757421,2.75,3.701,3.703,4.209,5.5,5.0,5.0,5.0,1.4097,5.315
2014-04-14,1.5769422250954936,2.7158972038872027,2.639,3.57,3.7,4.165,5.5,5.0,5.0,5.0,1.4048,5.3
2014-04-15,2.1816956666344396,1.8626223829079689,2.449,3.444,3.388,4.102,5.5,5.0,5.0,5.0,1.4022,5.287
2014-04-16,1.9738814911589542,1.6708163522967345,2.298,2.726,3.003,4.085,5.5,5.0,5.0,5.0,1.3958,5.272
2014-04-17,1.8107423886265195,1.7323630678496875,2.181,2.721,2.764,4.06,5.5,5.0,5.0,5.0,1.3866,5.253
2014-04-18,1.2178760600206022,1.475202103350617,2.0,2.761,2.782,3.93,5.5,5.0,5.0,5.0,1.3841,5.239
2014-04-19,1.3676495514673472,0.9556531948248579,2.0,2.761,2.782,3.93,5.5,5.0,5.0,5.0,1.3835,5.224
2014-04-20,0.9733808141039044,1.051514575951678,2.0,2.761,2.782,3.93,5.5,5.0,5.0,5.0,1.383,5.21
2014-04-21,1.532570475583301,1.930144442069556,1.98,2.713,2.994,3.767,5.5,5.0,5.0,5.0,1.3866,5.2
2014-04-22,1.4517220070681383,1.7550085420904051,1.9262,3.029,3.311,3.808,5.5,5.0,5.0,5.0,1.3813,5.188
2014-04-23,1.5964039755299217,1.8180819725990565,1.963,3.08,3.715,3.9511,5.5,5.0,5.0,5.0,1.3654,5.171
2014-04-24,1.620230051381106,1.4659563058792933,2.303,3.521,4.147,4.32,5.5,5.0,5.0,5.0,1.3515,5.152
2014-04-25,1.124370245720123,1.4870282667020858,2.31,3.503,4.329,4.286,5.49,5.0,5.0,5.0,1.344,5.13
2014-04-26,0.7716701524008373,1.0323537199090882,2.31,3.503,4.329,4.286,5.49,5.0,5.0,5.0,1.3441,5.109
2014-04-27,0.7473052194211417,1.252977751287666,2.31,3.503,4.329,4.286,5.49,5.0,5.0,5.0,1.3439,5.087
2014-04-28,1.6537095328309723,2.139650339230745,2.406,4.025,4.543,4.6,5.4982,5.0,5.0,5.0,1.3506,5.067
2014-04-29,1.6825651183113297,2.0081185473470056,2.604,4.0738,4.885,4.593,5.5,5.0,5.0,5.0,1.346,5.048
2014-04-30,1.32368782805466,1.840051650407705,2.5,4.134,4.176,4.604,5.495,5.0,5.0,5.0,1.3511,5.04
2014-05-01,0.9824681856089613,0.9359872313843023,2.5,4.134,4.176,4.604,5.495,5.0,5.0,5.0,1.3364,5.032
2014-05-02,0.6378762380449917,0.7914350143874586,2.5,4.134,4.176,4.604,5.495,5.0,5.0,5.0,1.3362,5.028
2014-05-03,0.9420049518975097,1.3029405025060616,2.5,4.134,4.176,4.604,5.495,5.0,5.0,5.0,1.3361,5.023
2014-05-04,1.5425093818166185,2.6978453891364604,2.4,3.683,3.708,4.5,5.482,5.0,5.0,5.0,1.3543,5.029
2014-05-05,1.8877514339398898,2.01955983121372,2.37,3.14,3.158,4.058,5.4655,5.0,5.0,5.0,1.3378,5.022
2014-05-06,1.6184174241478053,2.227031588296065,2.37,3.092,3.158,3.941,5.4474,5.0,5.0,5.0,1.3831,5.042
2014-05-07,2.123912995826743,1.5628192315512308,2.37,3.1125,3.092,3.882,5.4167,5.0,5.0,5.0,1.3393,5.036
2014-05-08,1.9992818665094854,1.7835874515512196,2.23,3.204,3.106,3.79,5.3992,5.0,5.0,5.0,1.3221,5.028
2014-05-09,1.4325365557790337,1.617471661370088,2.2205,3.194,3.121,3.773,5.3909,5.0,5.0,5.0,1.3244,5.022
2014-05-10,1.461856948791946,0.9613553733024148,2.2205,3.194,3.121,3.773,5.3909,5.0,5.0,5.0,1.3117,5.008
2014-05-11,0.928414306379903,0.9985516176265834,2.2205,3.194,3.121,3.773,5.3909,5.0,5.0,5.0,1.3115,4.985
2014-05-12,1.6545814604617068,1.9191607228550018,2.2135,3.18,3.198,3.66,5.3764,5.0,5.0,5.0,1.3083,4.969
2014-05-13,1.4007918451556685,1.6838983440251847,2.35,3.181,3.2498,3.617,5.3414,5.0,5.0,5.0,1.3022,4.924
2014-05-14,1.5546573834361008,2.064573716868494,2.3666,3.236,3.233,3.5675,5.3198,5.0,5.0,5.0,1.2986,4.902
2014-05-15,1.594825177072305,1.5558637317571689,2.35,3.1355,3.202,3.651,5.2665,5.0,5.0,5.0,1.2971,4.888
2014-05-16,1.1805562850953415,1.8417422252692293,2.37,3.129,3.127,3.69,5.2418,5.0,5.0,5.01,1.2986,4.874
2014-05-17,0.870191501059665,0.9522545087360808,2.37,3.129,3.127,3.69,5.2418,5.0,5.0,5.01,1.2818,4.858
2014-05-18,0.8367840589246276,1.001779706084504,2.37,3.129,3.127,3.69,5.2418,5.0,5.0,5.01,1.2816,4.842
2014-05-19,1.3185303118662095,1.9181063080605663,2.396,3.1,3.1318,3.736,5.2142,5.0,5.0,5.011,1.3283,4.853
2014-05-20,2.310323489298798,1.6977547171158964,2.427,3.361,3.579,4.095,5.1772,5.0,5.0,5.003,1.3308,4.868
2014-05-21,1.5155978755980122,1.6336614940568368,2.528,3.353,3.925,4.2,5.1215,5.0,5.0,5.0026,1.323,4.882
2014-05-22,1.7539654436542094,1.6394379115569913,2.51,3.419,3.919,4.203,5.0935,5.0,5.0,5.0014,1.2887,4.877
2014-05-23,1.2700202688757625,1.4951010993682168,2.53,3.405,3.908,4.0685,5.0675,5.0,5.0,5.0013,1.281,4.867
2014-05-24,0.8146639025487774,1.008111659459499,2.53,3.405,3.908,4.0685,5.0675,5.0,5.0,5.0013,1.2488,4.849
2014-05-25,0.8496289105012714,1.5081846318942516,2.53,3.405,3.908,4.0685,5.0675,5.0,5.0,5.0013,1.2486,4.831
2014-05-26,1.7552597542517332,1.7935117092063688,2.5025,3.195,3.822,4.1,5.0413,5.0,5.0,5.0012,1.249,4.788
2014-05-27,1.521958674818813,2.102051679056094,2.541,3.247,3.39,4.0,5.0197,5.0,5.0,5.0002,1.2548,4.746
2014-05-28,1.4053382358814102,2.7152750089304236,2.51,3.2,3.33,3.94,4.9768,5.0,5.0,5.0001,1.2597,4.712
2014-05-29,1.631380607487719,2.04891998380909,2.51,3.215,3.349,3.877,4.9418,4.999,5.0,5.0001,1.2381,4.684
2014-05-30,1.1529735892675335,2.0422239060151077,2.57,3.23,3.324,3.861,4.925,4.9998,5.0,5.0,1.279,4.683
2014-05-31,0.7472325337627606,0.9327183117903933,2.57,3.23,3.324,3.861,4.925,4.9998,5.0,5.0,1.2376,4.677
2014-06-01,0.9338380550400824,0.9782057250214546,2.57,3.23,3.324,3.861,4.925,4.9998,5.0,5.0,1.2364,4.67
2014-06-02,0.8052290577678507,1.112570149216975,2.57,3.23,3.324,3.861,4.925,4.9998,5.0,5.0,1.2305,4.66
2014-06-03,1.3786327911123344,2.5176539951778,2.521,3.18,3.38,3.716,4.883,4.9958,4.998,5.0,1.2473,4.656
2014-06-04,1.3968183641939393,1.9846180479653683,2.561,3.152,3.334,3.931,4.855,4.9868,4.9967,5.0,1.2611,4.657
2014-06-05,1.9341579747412094,2.3219391634876727,2.576,3.07,3.448,3.878,4.8393,4.9733,4.9967,5.0,1.2818,4.681
2014-06-06,1.5339915814821066,1.7945203766759128,2.5808,3.15,3.442,3.984,4.8259,4.9609,4.9959,5.0,1.2476,4.664
2014-06-07,0.9557843195537588,0.9545343995008443,2.5808,3.15,3.442,3.984,4.8259,4.9609,4.9959,5.0,1.2474,4.669
2014-06-08,1.537846074158375,1.1067975510667654,2.5808,3.15,3.442,3.984,4.8259,4.9609,4.9959,5.0,1.2473,4.675
2014-06-09,1.8632729531570755,1.8771625240996086,2.58,3.13,3.158,4.161,4.8181,4.9603,4.9938,5.0,1.2719,4.698
2014-06-10,1.8017798428561715,1.9468240264088528,2.57,3.13,3.132,4.159,4.8095,4.9615,4.9946,5.0,1.2628,4.706
2014-06-11,1.6675737597973914,1.606918301284243,2.592,3.15,3.223,4.381,4.7941,4.9606,4.9926,5.0,1.2723,4.712
2014-06-12,1.691512553892647,1.543852313611381,2.597,3.154,3.25,4.719,4.7862,4.9601,4.9925,5.0,1.2625,4.702
2014-06-13,1.1039943313940093,2.5253348580787667,2.6,3.04,3.259,4.814,4.7794,4.96,4.9935,5.0,1.2801,4.719
2014-06-14,0.9240907616787752,1.5010775920462358,2.6,3.04,3.259,4.814,4.7794,4.96,4.9935,5.0,1.2678,4.73
2014-06-15,0.8452347922092761,0.7614135658322024,2.6,3.04,3.259,4.814,4.7794,4.96,4.9935,5.0,1.2677,4.742
2014-06-16,1.9711365464319899,3.214452980361503,2.6,3.006,3.237,5.058,4.7777,4.951,4.9889,5.0,1.2581,4.734
2014-06-17,1.3759010022757858,3.2811168544413616,2.6,3.031,3.568,4.941,4.7825,4.9347,4.9867,5.0,1.2436,4.724
2014-06-18,1.7062589787361675,2.7546342000942157,2.639,3.074,4.511,4.972,4.7767,4.9277,4.9842,5.0,1.2244,4.697
2014-06-19,1.723289764909124,1.8604233774875867,2.698,3.093,4.03,5.233,4.7692,4.9216,4.9805,5.0,1.193,4.66
2014-06-20,1.2803838279122812,1.871044467379115,2.759,3.402,4.578,5.435,4.7751,4.9139,4.9796,5.0,1.2332,4.634
2014-06-21,0.9058946944207538,1.508178214080584,2.759,3.402,4.578,5.435,4.7751,4.9139,4.9796,5.0,1.1774,4.585
2014-06-22,0.7490501841542201,2.3587629656974194,2.759,3.402,4.578,5.435,4.7751,4.9139,4.9796,5.0,1.1773,4.535
2014-06-23,1.1818807651777332,2.4403336516212004,2.755,3.448,4.603,5.526,4.7761,4.9136,4.9777,5.0,1.1818,4.494
2014-06-24,1.2491773229845553,2.7974062122059817,2.971,3.483,4.697,5.638,4.7679,4.9081,4.9747,5.0,1.1875,4.463
2014-06-25,1.3469555394164192,3.573187493534036,2.995,3.464,5.06,5.492,4.7582,4.9059,4.9722,5.0,1.1376,4.416
2014-06-26,1.514724125990965,2.733884873145286,2.974,3.552,5.147,5.035,4.7478,4.9033,4.9677,5.0,1.1175,4.375
2014-06-27,1.3450190635977168,2.607893613097605,2.885,3.781,5.184,5.012,4.7482,4.901,4.9664,5.0,1.1403,4.324
2014-06-28,0.7828704515143832,1.8502644028241357,2.885,3.781,5.184,5.012,4.7482,4.901,4.9664,5.0,1.1247,4.296
2014-06-29,0.8081917439321611,1.7051327806474987,2.885,3.781,5.184,5.012,4.7482,4.901,4.9664,5.0,1.1245,4.267
2014-06-30,1.7001080426864215,2.9807107550400436,2.913,3.867,5.394,5.004,4.7499,4.9007,4.9658,5.0,1.1234,4.235
2014-07-01,1.956480675846947,2.4428466990102713,3.017,4.421,4.711,5.001,4.7499,4.9004,4.9654,5.0,1.1619,4.221
2014-07-02,1.9571273552943536,2.147656062327508,3.02,3.927,4.089,4.891,4.75,4.9001,4.9672,5.0,1.1374,4.221
2014-07-03,1.5160809588762083,1.886888012337558,2.96,3.393,3.5,4.132,4.75,4.9001,4.9654,5.0,1.1345,4.23
2014-07-04,1.0771536074283623,1.726832897224505,2.94,3.42,3.5,4.063,4.75,4.9,4.9652,5.0,1.1211,4.22
2014-07-05,0.862048223733154,1.7793283148859602,2.94,3.42,3.5,4.063,4.75,4.9,4.9652,5.0,1.121,4.218
2014-07-06,1.0156704925505826,1.2765818627780556,2.94,3.42,3.5,4.063,4.75,4.9,4.9652,5.0,1.1209,4.216
2014-07-07,1.3852254190063307,2.0736299962369285,2.952,3.421,3.446,4.047,4.7495,4.9,4.9641,5.0,1.1216,4.215
2014-07-08,1.1412294862071075,2.2227510893863296,3.253,3.52,3.782,4.046,4.75,4.9,4.9607,5.0,1.1183,4.191
2014-07-09,1.4148590392654776,1.7604453377704474,3.351,3.736,4.023,4.1,4.749,4.9,4.9628,5.0,1.1169,4.18
2014-07-10,1.4407655372427202,2.1284502097724096,3.3,3.711,4.069,4.1545,4.7438,4.9,4.9608,5.0,1.1305,4.178
2014-07-11,1.0619934565501985,1.5672441214752804,3.285,3.723,4.153,4.163,4.7423,4.9,4.9616,5.0,1.12,4.177
2014-07-12,0.9040887850889417,0.9733237144038707,3.285,3.723,4.153,4.163,4.7423,4.9,4.9616,5.0,1.113,4.173
2014-07-13,0.914855453840024,1.3022350457204914,3.285,3.723,4.153,4.163,4.7423,4.9,4.9616,5.0,1.1125,4.169
2014-07-14,1.296745958957052,1.8590981544600742,3.255,3.7035,4.299,4.313,4.7461,4.9001,4.9618,5.0,1.1284,4.172
2014-07-15,1.703955059152624,1.7087326518107055,3.218,3.646,4.18,4.417,4.7485,4.9001,4.9618,5.0,1.1341,4.181
2014-07-16,2.009722014712296,1.532805989701753,3.2472,3.65,4.391,4.492,4.7487,4.9,4.9608,5.0,1.1377,4.192
2014-07-17,1.2876551928760156,1.947407440273887,3.2465,3.641,4.4,4.588,4.7448,4.9,4.9616,5.0,1.1133,4.183
2014-07-18,1.063462101780676,1.3623737921926036,3.245,3.651,4.988,4.73,4.7467,4.9,4.9616,5.0,1.1215,4.184
2014-07-19,1.0703755756319138,1.0149957276163928,3.245,3.651,4.988,4.73,4.7467,4.9,4.9616,5.0,1.1131,4.184
2014-07-20,0.8980068500303967,1.1390335435943149,3.245,3.651,4.988,4.73,4.7467,4.9,4.9616,5.0,1.1129,4.184
2014-07-21,1.9242135822216764,2.834750771355262,3.318,3.694,4.991,5.03,4.7467,4.9,4.9607,5.0,1.1428,4.192
2014-07-22,1.237132771958681,2.4094119267891854,3.253,3.848,5.159,5.115,4.7465,4.9,4.9605,5.0,1.1166,4.182
2014-07-23,1.351020343123842,2.0131765940886153,3.295,4.202,5.15,5.271,4.7525,4.9,4.9604,5.0,1.1266,4.176
2014-07-24,1.4099678217099074,2.269558483015834,3.313,4.101,5.273,5.278,4.7465,4.9,4.9604,5.0,1.1215,4.181
2014-07-25,0.9244294965933904,1.716257809281198,3.348,4.081,4.821,4.95,4.7465,4.9,4.9603,5.0,1.1244,4.182
2014-07-26,0.6527970789505748,1.8453880722654437,3.348,4.081,4.821,4.95,4.7465,4.9,4.9603,5.0,1.1221,4.187
2014-07-27,0.770554756823646,1.087768178594318,3.348,4.081,4.821,4.95,4.7465,4.9,4.9603,5.0,1.122,4.192
2014-07-28,1.8920193727382397,2.2588804815457304,3.304,4.013,4.628,4.398,4.7465,4.9,4.9602,5.0,1.1276,4.184
2014-07-29,1.1608383434161824,1.9813619052395643,3.2503,3.907,4.6,4.141,4.739,4.9,4.9601,5.0,1.1156,4.183
2014-07-30,1.068336025829232,1.6329693756164578,3.2502,3.914,4.525,4.144,4.7316,4.9,4.959,5.0,1.1162,4.178
2014-07-31,0.9757696744267267,1.8097475830141587,3.204,3.98,3.979,4.2,4.7215,4.9,4.9588,5.0,1.1156,4.174
2014-08-01,1.907908120747419,1.648789593160624,3.196,3.907,4.047,4.21,4.7149,4.9,4.9558,5.0,1.1173,4.171
2014-08-02,0.9623502285213791,1.1245878415427573,3.196,3.907,4.047,4.21,4.7149,4.9,4.9558,5.0,1.118,4.168
2014-08-03,0.8846529494684386,0.8299755393160423,3.196,3.907,4.047,4.21,4.7149,4.9,4.9558,5.0,1.1178,4.166
2014-08-04,1.6827370355176112,2.1081997160414514,3.182,3.842,4.086,4.105,4.7081,4.9,4.9551,5.0,1.1451,4.176
2014-08-05,2.009165904791325,1.447478388779609,3.145,3.738,3.998,4.056,4.7049,4.899,4.9543,5.0,1.1203,4.178
2014-08-06,1.4699023737760892,1.8433853814322112,3.051,3.559,3.9799,4.104,4.6982,4.8949,4.9505,5.0,1.1162,4.178
2014-08-07,1.260351982107419,1.6560930781718561,3.04,3.511,3.977,4.161,4.6941,4.8901,4.9491,5.0,1.1186,4.18
2014-08-08,1.1904107035387987,2.034693440627513,3.001,3.457,3.693,4.101,4.6921,4.8912,4.9465,5.0,1.1397,4.192
2014-08-09,0.8156283794511587,1.0681886630385757,3.001,3.457,3.693,4.101,4.6921,4.8912,4.9465,5.0,1.1173,4.191
2014-08-10,1.320855825431584,1.2398799794415818,3.001,3.457,3.693,4.101,4.6921,4.8912,4.9465,5.0,1.1172,4.191
2014-08-11,1.6873662142005639,2.7329788515216022,2.955,3.42,3.616,4.166,4.6916,4.8914,4.9467,5.0,1.1235,4.179
2014-08-12,1.315556841434282,2.0223285465409595,2.916,3.39,3.586,4.154,4.6905,4.8904,4.9457,5.0,1.1146,4.176
2014-08-13,1.3308906856911666,1.9845963658095291,2.892,3.36,3.579,4.22,4.6882,4.8871,4.9442,5.0,1.1138,4.175
2014-08-14,1.3115311236991578,1.3837108616031715,2.888,3.353,3.598,4.233,4.6834,4.8851,4.9391,5.0,1.1367,4.185
2014-08-15,1.2446012818845156,1.5441664926849394,2.889,3.346,3.509,4.174,4.6811,4.8844,4.9387,5.0,1.1129,4.17
2014-08-16,1.0945076671638712,1.4312073051354928,2.889,3.346,3.509,4.174,4.6811,4.8844,4.9387,5.0,1.1128,4.168
2014-08-17,0.7632873106357801,0.9111864555326535,2.889,3.346,3.509,4.174,4.6811,4.8844,4.9387,5.0,1.1126,4.165
2014-08-18,1.5191574676668802,1.692063533143137,2.858,3.276,3.51,4.31,4.6805,4.881,4.9382,5.0,1.1122,4.159
2014-08-19,1.3558047053311857,1.664387028348965,2.835,3.237,3.477,4.363,4.6791,4.8801,4.9382,5.0,1.122,4.163
2014-08-20,1.5694376318957535,1.3217743960781845,2.833,3.246,3.462,4.286,4.6804,4.88,4.939,5.0,1.124,4.169
2014-08-21,1.281304928546186,1.4360974898148382,2.848,3.312,3.98,4.238,4.6786,4.88,4.94,5.0,1.1168,4.158
2014-08-22,1.253581060090046,1.1709356922926941,2.843,3.369,3.942,4.2039,4.6764,4.88,4.9398,5.0,1.104,4.153
2014-08-23,0.7196909596349749,1.3016966871271964,2.843,3.369,3.942,4.2039,4.6764,4.88,4.9398,5.0,1.0997,4.146
2014-08-24,0.66260639075699,1.2475247250025603,2.843,3.369,3.942,4.2039,4.6764,4.88,4.9398,5.0,1.0993,4.139
2014-08-25,1.5755220708993989,2.039685716204436,2.841,3.363,3.886,4.199,4.6758,4.88,4.9394,5.0,1.1122,4.139
2014-08-26,1.562141568465409,1.863833391050131,2.823,3.318,3.876,4.2,4.6695,4.873,4.9363,5.0,1.1085,4.131
2014-08-27,1.537965836020371,3.056551639119404,2.861,3.349,3.9828,4.178,4.668,4.8729,4.9365,5.0,1.1079,4.123
2014-08-28,1.247304377138796,1.9448904299011984,2.876,3.538,4.05,4.133,4.6689,4.8727,4.9373,5.0,1.1043,4.116
2014-08-29,1.3616713672722498,1.7873015637149898,2.908,3.672,4.199,4.114,4.6659,4.8726,4.9364,5.0,1.1169,4.123
2014-08-30,1.0163817096561554,1.2820880988102523,2.908,3.672,4.199,4.114,4.6659,4.8726,4.9364,5.0,1.1206,4.134
2014-08-31,1.400021932930497,1.9125674475981598,2.908,3.672,4.199,4.114,4.6659,4.8726,4.9364,5.0,1.1204,4.146
